Designator,Footprint,Quantity,Value,LCSC Part #
BT1,BAT_BAT-HLD-001-THM,1,CR2032,BAT-HLD-001-THM
"C1, C10, C11, C12, C13, C14, C15, C16, C17, C18, C19, C20, C21, C22, C23, C24, C25, C26, C27, C28, C29, C30, C9",C_Disc_D5.0mm_W2.5mm_P2.50mm,23,100nF,
"C2, C3, C5, C6, C8",C_Disc_D5.0mm_W2.5mm_P2.50mm,5,1uF,
"C4, C7",C_Disc_D5.0mm_W2.5mm_P2.50mm,2,2.2nF,
D1,LED_D3.0mm,1,POWER LED,
"D2, D3",D_DO-35_SOD27_P7.62mm_Horizontal,2,BAT85,
J1,PinHeader_1x03_P2.54mm_Vertical,1,PHI2 SELECT,
J10,6502 GPIO Connector,1,PORT A,
J11,SWITCHCRAFT_PJRAN1X1U0XX,1,AUDIO L,
J12,DSUB-9_Pins_Horizontal_P2.77x2.84mm_EdgePinOffset7.70mm_Housed_MountingHolesOffset9.12mm,1,DB9 MALE (DTE),D09P33E4GX00LF
J13,KMDGX-6S-BS,1,PS/2,
J14,SWITCHCRAFT_PJRAN1X1U0XX,1,AUDIO R,
J15,PinHeader_1x02_P2.54mm_Vertical,1,AUDIO,
J16,BarrelJack_Horizontal,1,5V DC,
J17,RHDR40W82P485X254_2X20_5740X93,1,CART,
J18,6502 Bus Connector,1,BUS,
J19,PinHeader_1x02_P2.54mm_Vertical,1,VCC,
J2,PinHeader_1x03_P2.54mm_Vertical,1,CTS EN,
J20,PinHeader_1x02_P2.54mm_Vertical,1,POWER LED,
J21,PinSocket_2x10_P2.54mm_Horizontal,1,STORAGE,PPPC102LJBN-RC
J22,PinHeader_1x16_P2.00mm_Vertical,1,KEYBOARD,
J3,PinHeader_1x02_P2.54mm_Vertical,1,RESET SW,
J4,PinHeader_1x03_P2.54mm_Vertical,1,DCD EN,
J5,PinHeader_1x02_P2.54mm_Vertical,1,VDD,
J6,DSUB-9_Pins_Horizontal_P2.77x2.84mm_EdgePinOffset7.70mm_Housed_MountingHolesOffset9.12mm,1,JOYSTICK A,D09P33E4GX00LF
J7,PinHeader_1x04_P2.54mm_Vertical,1,PADDLES,
J8,DSUB-9_Pins_Horizontal_P2.77x2.84mm_EdgePinOffset7.70mm_Housed_MountingHolesOffset9.12mm,1,JOYSTICK B,D09P33E4GX00LF
J9,6502 GPIO Connector,1,PORT B,
"R1, R10, R11, R12, R13, R14, R16, R17, R18, R19, R2, R20, R21, R22, R23, R24, R25, R27, R28, R29, R3, R30, R31, R32, R33, R34, R35, R36, R4, R5, R6, R7, R8, R9",R_Axial_DIN0204_L3.6mm_D1.6mm_P5.08mm_Horizontal,34,1k,
R26,R_Axial_DIN0204_L3.6mm_D1.6mm_P5.08mm_Horizontal,1,330,
SW1,SW_Cherry_MX_1.00u_PCB,1,`,
SW10,SW_Cherry_MX_1.00u_PCB,1,9,
SW11,SW_Cherry_MX_1.00u_PCB,1,0,
SW12,SW_Cherry_MX_1.00u_PCB,1,-,
SW13,SW_Cherry_MX_1.00u_PCB,1,=,
SW14,SW_Cherry_MX_2.00u_PCB,1,BACKSPACE,
SW15,SW_Cherry_MX_1.00u_PCB,1,ESCAPE,
SW16,SW_Cherry_MX_1.50u_PCB,1,TAB,
SW17,SW_Cherry_MX_1.00u_PCB,1,Q,
SW18,SW_Cherry_MX_1.00u_PCB,1,W,
SW19,SW_Cherry_MX_1.00u_PCB,1,E,
SW2,SW_Cherry_MX_1.00u_PCB,1,1,
SW20,SW_Cherry_MX_1.00u_PCB,1,R,
SW21,SW_Cherry_MX_1.00u_PCB,1,T,
SW22,SW_Cherry_MX_1.00u_PCB,1,Y,
SW23,SW_Cherry_MX_1.00u_PCB,1,U,
SW24,SW_Cherry_MX_1.00u_PCB,1,I,
SW25,SW_Cherry_MX_1.00u_PCB,1,O,
SW26,SW_Cherry_MX_1.00u_PCB,1,P,
SW27,SW_Cherry_MX_1.00u_PCB,1,[,
SW28,SW_Cherry_MX_1.00u_PCB,1,],
SW29,SW_Cherry_MX_1.50u_PCB,1,\,
SW3,SW_Cherry_MX_1.00u_PCB,1,2,
SW30,SW_Cherry_MX_1.00u_PCB,1,INSERT,
SW31,SW_Cherry_MX_1.75u_PCB,1,CAPS LOCK,
SW32,SW_Cherry_MX_1.00u_PCB,1,A,
SW33,SW_Cherry_MX_1.00u_PCB,1,S,
SW34,SW_Cherry_MX_1.00u_PCB,1,D,
SW35,SW_Cherry_MX_1.00u_PCB,1,F,
SW36,SW_Cherry_MX_1.00u_PCB,1,G,
SW37,SW_Cherry_MX_1.00u_PCB,1,H,
SW38,SW_Cherry_MX_1.00u_PCB,1,J,
SW39,SW_Cherry_MX_1.00u_PCB,1,K,
SW4,SW_Cherry_MX_1.00u_PCB,1,3,
SW40,SW_Cherry_MX_1.00u_PCB,1,L,
"SW41, SW49",SW_Cherry_MX_2.25u_PCB,2,SHIFT,
SW42,SW_Cherry_MX_1.00u_PCB,1,;,
SW43,SW_Cherry_MX_1.00u_PCB,1,',
SW44,SW_Cherry_MX_2.25u_PCB,1,ENTER,
SW45,SW_Cherry_MX_1.00u_PCB,1,DELETE,
SW46,SW_Cherry_MX_1.00u_PCB,1,Z,
SW47,SW_Cherry_MX_1.00u_PCB,1,X,
SW48,SW_Cherry_MX_1.00u_PCB,1,C,
SW5,SW_Cherry_MX_1.00u_PCB,1,4,
SW50,SW_Cherry_MX_1.00u_PCB,1,V,
SW51,SW_Cherry_MX_1.00u_PCB,1,B,
SW52,SW_Cherry_MX_1.00u_PCB,1,N,
SW53,SW_Cherry_MX_1.00u_PCB,1,M,
SW54,SW_Cherry_MX_1.00u_PCB,1,",",
SW55,SW_Cherry_MX_1.00u_PCB,1,.,
SW56,SW_Cherry_MX_1.00u_PCB,1,/,
SW57,SW_Cherry_MX_1.00u_PCB,1,UP ARROW,
"SW58, SW66",SW_Cherry_MX_1.25u_PCB,2,CTRL,
"SW59, SW67",SW_Cherry_MX_1.25u_PCB,2,ALT,
SW6,SW_Cherry_MX_1.00u_PCB,1,5,
SW60,SW_Cherry_MX_1.00u_PCB,1,MENU,
SW61,SW_Cherry_MX_6.25u_PCB,1,SPACE,
SW62,SW_Cherry_MX_1.25u_PCB,1,FN,
SW63,SW_Cherry_MX_1.00u_PCB,1,LEFT ARROW,
SW64,SW_Cherry_MX_1.00u_PCB,1,DOWN ARROW,
SW65,SW_Cherry_MX_1.00u_PCB,1,RIGHT ARROW,
SW68,SW_400MSP1R6BLKM6QE,1,POWER,
SW69,SW_DIP_SPSTx08_Slide_9.78x22.5mm_W7.62mm_P2.54mm,1,IO ENABLE,
SW7,SW_Cherry_MX_1.00u_PCB,1,6,
SW70,SW_PUSH_6mm,1,RESET,
SW8,SW_Cherry_MX_1.00u_PCB,1,7,
SW9,SW_Cherry_MX_1.00u_PCB,1,8,
TP1,TestPoint_Pad_2.5x2.5mm,1,VCC,
TP2,TestPoint_Pad_2.5x2.5mm,1,GND,
U1,DIP-40_W15.24mm_Socket_LongPads,1,65C02,
U10,DIP-24_W7.62mm_Socket_LongPads,1,MAX238xNG+,
"U11, U12, U13, U14, U16",DIP-14_W7.62mm_Socket_LongPads,5,74HC00,
U15,DIP-32_W15.24mm_Socket_LongPads,1,AS6C4008,
U17,DIP-14_W7.62mm_Socket_LongPads,1,74HC30,
U18,DIP-28_W15.24mm_Socket_LongPads,1,DS1511Y,
"U19, U20",DIP-16_W7.62mm_Socket_LongPads,2,74HC138,
U2,DIP-40_W15.24mm_Socket_LongPads,1,65C22,
"U21, U22",DIP-20_W7.62mm_Socket_LongPads,2,74HC573,
U3,DIP-40_W15.24mm_Socket_LongPads,1,Pico9918A,
U4,DIP-28_W15.24mm_Socket_LongPads,1,65C51,
U5,DIP-16_W7.62mm_Socket_LongPads,1,74HC163,
U6,DIP-40_W15.24mm_Socket_LongPads,1,ATmega1284-P,
U7,DIP-28_W15.24mm_Socket_LongPads,1,AS6C62256,
U8,DIP_Socket-28_W11.9mm_W12.7mm_W15.24mm_W17.78mm_W18.5mm_3M_228-1277-00-0602J,1,AT28C256,
U9,DIP-28_W15.24mm_Socket_LongPads,1,6581,
X1,Oscillator_DIP-14,1,16MHz,
Y1,Crystal_HC49-U_Vertical,1,1.8432 Mhz,
