"Reference","Qty","Value","Description","Footprint","Digikey","Mouser","Other"
"BT1","1","CR2032","CR2032","6502 Parts:BAT_BAT-HLD-001-THM","BAT-HLD-001-THM-ND","712-BAT-HLD-001-THM",""
"C1,C9,C10,C11,C12,C13,C14,C15,C16,C17,C18,C19,C20,C21,C22,C23,C24,C25,C26,C27,C28,C29,C30","23","100nF","","Capacitor_THT:C_Disc_D5.0mm_W2.5mm_P2.50mm","478-5732-ND","",""
"C2,C3,C5,C6,C8","5","1uF","","Capacitor_THT:C_Disc_D5.0mm_W2.5mm_P2.50mm","478-7667-ND","",""
"C4,C7","2","2.2nF","","Capacitor_THT:C_Disc_D5.0mm_W2.5mm_P2.50mm","478-SR151C222KAATR1CT-ND","",""
"D1","1","POWER LED","3.0mm LED","LED_THT:LED_D3.0mm","732-5008-ND","","https://www.amazon.com/300-Pcs-LED-Diode-Assortment/dp/B0F38LJDJB"
"D2,D3","2","BAT85","Schottky diode","Diode_THT:D_DO-35_SOD27_P7.62mm_Horizontal","BAT85SCT-ND","78-BAT85S","https://www.amazon.com/gp/product/B0CKSNPVH8"
"J1","1","PHI2 SELECT","Pin Header 1x3 2.54mm","Connector_PinHeader_2.54mm:PinHeader_1x03_P2.54mm_Vertical","","","https://www.amazon.com/Straight-Breakaway-Connector-Breadboard-Electronic/dp/B0FRZW75VS"
"J2","1","CTS EN","Pin Header 1x3 2.54mm","Connector_PinHeader_2.54mm:PinHeader_1x03_P2.54mm_Vertical","","","https://www.amazon.com/Straight-Breakaway-Connector-Breadboard-Electronic/dp/B0FRZW75VS"
"J3","1","RESET SW","Pin Header 1x2 2.54mm","Connector_PinHeader_2.54mm:PinHeader_1x02_P2.54mm_Vertical","","","https://www.amazon.com/Straight-Breakaway-Connector-Breadboard-Electronic/dp/B0FRZW75VS"
"J4","1","DCD EN","Pin Header 1x3 2.54mm","Connector_PinHeader_2.54mm:PinHeader_1x03_P2.54mm_Vertical","","","https://www.amazon.com/Straight-Breakaway-Connector-Breadboard-Electronic/dp/B0FRZW75VS"
"J5","1","VDD","Pin Header 1x2 2.54mm","Connector_PinHeader_2.54mm:PinHeader_1x02_P2.54mm_Vertical","","","https://www.amazon.com/Straight-Breakaway-Connector-Breadboard-Electronic/dp/B0FRZW75VS"
"J6","1","JOYSTICK A","DB-9 Male","Connector_Dsub:DSUB-9_Pins_Horizontal_P2.77x2.84mm_EdgePinOffset7.70mm_Housed_MountingHolesOffset9.12mm","609-1481-ND","649-D09P33E4GX00LF",""
"J7","1","PADDLES","Pin Header 1x4 2.54mm","Connector_PinHeader_2.54mm:PinHeader_1x04_P2.54mm_Vertical","","","https://www.amazon.com/Straight-Breakaway-Connector-Breadboard-Electronic/dp/B0FRZW75VS"
"J8","1","JOYSTICK B","DB-9 Male","Connector_Dsub:DSUB-9_Pins_Horizontal_P2.77x2.84mm_EdgePinOffset7.70mm_Housed_MountingHolesOffset9.12mm","609-1481-ND","649-D09P33E4GX00LF",""
"J9","1","PORT B","Box Header 2x6 2.54mm","6502 Parts:6502 GPIO Connector","2057-BHR-12-VUA-ND","","https://www.amazon.com/uxcell-2-54mm-2x6-Pin-Straight-Connector/dp/B07DJYVZV2"
"J10","1","PORT A","Box Header 2x6 2.54mm","6502 Parts:6502 GPIO Connector","2057-BHR-12-VUA-ND","","https://www.amazon.com/uxcell-2-54mm-2x6-Pin-Straight-Connector/dp/B07DJYVZV2"
"J11","1","AUDIO L","RCA Jack","6502 Parts:SWITCHCRAFT_PJRAN1X1U0XX","PJRAN1X1U02X-ND","502-PJRAN1X1U02X",""
"J12","1","DB9 MALE (DTE)","DB-9 Male","Connector_Dsub:DSUB-9_Pins_Horizontal_P2.77x2.84mm_EdgePinOffset7.70mm_Housed_MountingHolesOffset9.12mm","609-1481-ND","649-D09P33E4GX00LF",""
"J13","1","PS/2","6-pin Mini-DIN connector","6502 Parts:KMDGX-6S-BS","","","https://www.amazon.com/dp/B08GS3QL7T"
"J14","1","AUDIO R","RCA Jack","6502 Parts:SWITCHCRAFT_PJRAN1X1U0XX","PJRAN1X1U03X-ND","502-PJRAN1X1U03X",""
"J15","1","AUDIO","Pin Header 1x2 2.54mm","Connector_PinHeader_2.54mm:PinHeader_1x02_P2.54mm_Vertical","","","https://www.amazon.com/Straight-Breakaway-Connector-Breadboard-Electronic/dp/B0FRZW75VS"
"J16","1","5V DC","DC Barrel Jack","Connector_BarrelJack:BarrelJack_Horizontal","2073-DCJ200-10-A-K1-K-ND","640-DCJ200-10-A-K1-K",""
"J17","1","CART","Card Edge Connector 2x20 2.54mm","6502 Parts:RHDR40W82P485X254_2X20_5740X93","A31723-ND","571-5-5530843-4",""
"J18","1","BUS","Box Header 2x20 2.54mm","6502 Parts:6502 Bus Connector","","",""
"J19","1","VCC","Pin Header 1x2 2.54mm","Connector_PinHeader_2.54mm:PinHeader_1x02_P2.54mm_Vertical","","","https://www.amazon.com/Straight-Breakaway-Connector-Breadboard-Electronic/dp/B0FRZW75VS"
"J20","1","POWER LED","Pin Header 1x2 2.54mm","Connector_PinHeader_2.54mm:PinHeader_1x02_P2.54mm_Vertical","","","https://www.amazon.com/Straight-Breakaway-Connector-Breadboard-Electronic/dp/B0FRZW75VS"
"J21","1","STORAGE","Pin Socket 2x10 2.54mm Horizontal","Connector_PinSocket_2.54mm:PinSocket_2x10_P2.54mm_Horizontal","S5563-ND","",""
"J22","1","KEYBOARD","Pin Header 1x16 2.00mm","Connector_PinHeader_2.00mm:PinHeader_1x16_P2.00mm_Vertical","","","https://www.amazon.com/Straight-Breakaway-Connector-Breadboard-Electronic/dp/B0FRZW75VS"
"R1,R2,R3,R4,R5,R6,R7,R8,R9,R10,R11,R12,R13,R14,R16,R17,R18,R19,R20,R21,R22,R23,R24,R25,R27,R28,R29,R30,R31,R32,R33,R34,R35,R36","34","1k","1/8 W Resistor","Resistor_THT:R_Axial_DIN0204_L3.6mm_D1.6mm_P5.08mm_Horizontal","RNF18FTD1K00CT-ND","","https://www.amazon.com/ALLECIN-8W-Metal-Film-Resistor/dp/B0C77TM3NR"
"R26","1","330","1/8 W Resistor","Resistor_THT:R_Axial_DIN0204_L3.6mm_D1.6mm_P5.08mm_Horizontal","","","https://www.amazon.com/ALLECIN-8W-Metal-Film-Resistor/dp/B0C77TM3NR"
"SW1","1","`","Cherry MX Switch","6502 Parts:SW_Cherry_MX_1.00u_PCB","CH196-ND","","https://www.amazon.com/dp/B0FYR5TV3X"
"SW2","1","1","Cherry MX Switch","6502 Parts:SW_Cherry_MX_1.00u_PCB","CH196-ND","","https://www.amazon.com/dp/B0FYR5TV3X"
"SW3","1","2","Cherry MX Switch","6502 Parts:SW_Cherry_MX_1.00u_PCB","CH196-ND","","https://www.amazon.com/dp/B0FYR5TV3X"
"SW4","1","3","Cherry MX Switch","6502 Parts:SW_Cherry_MX_1.00u_PCB","CH196-ND","","https://www.amazon.com/dp/B0FYR5TV3X"
"SW5","1","4","Cherry MX Switch","6502 Parts:SW_Cherry_MX_1.00u_PCB","CH196-ND","","https://www.amazon.com/dp/B0FYR5TV3X"
"SW6","1","5","Cherry MX Switch","6502 Parts:SW_Cherry_MX_1.00u_PCB","CH196-ND","","https://www.amazon.com/dp/B0FYR5TV3X"
"SW7","1","6","Cherry MX Switch","6502 Parts:SW_Cherry_MX_1.00u_PCB","CH196-ND","","https://www.amazon.com/dp/B0FYR5TV3X"
"SW8","1","7","Cherry MX Switch","6502 Parts:SW_Cherry_MX_1.00u_PCB","CH196-ND","","https://www.amazon.com/dp/B0FYR5TV3X"
"SW9","1","8","Cherry MX Switch","6502 Parts:SW_Cherry_MX_1.00u_PCB","CH196-ND","","https://www.amazon.com/dp/B0FYR5TV3X"
"SW10","1","9","Cherry MX Switch","6502 Parts:SW_Cherry_MX_1.00u_PCB","CH196-ND","","https://www.amazon.com/dp/B0FYR5TV3X"
"SW11","1","0","Cherry MX Switch","6502 Parts:SW_Cherry_MX_1.00u_PCB","CH196-ND","","https://www.amazon.com/dp/B0FYR5TV3X"
"SW12","1","-","Cherry MX Switch","6502 Parts:SW_Cherry_MX_1.00u_PCB","CH196-ND","","https://www.amazon.com/dp/B0FYR5TV3X"
"SW13","1","=","Cherry MX Switch","6502 Parts:SW_Cherry_MX_1.00u_PCB","CH196-ND","","https://www.amazon.com/dp/B0FYR5TV3X"
"SW14","1","BACKSPACE","Cherry MX Switch","6502 Parts:SW_Cherry_MX_2.00u_PCB","CH196-ND","","https://www.amazon.com/dp/B0FYR5TV3X"
"SW15","1","ESCAPE","Cherry MX Switch","6502 Parts:SW_Cherry_MX_1.00u_PCB","CH196-ND","","https://www.amazon.com/dp/B0FYR5TV3X"
"SW16","1","TAB","Cherry MX Switch","6502 Parts:SW_Cherry_MX_1.50u_PCB","CH196-ND","","https://www.amazon.com/dp/B0FYR5TV3X"
"SW17","1","Q","Cherry MX Switch","6502 Parts:SW_Cherry_MX_1.00u_PCB","CH196-ND","","https://www.amazon.com/dp/B0FYR5TV3X"
"SW18","1","W","Cherry MX Switch","6502 Parts:SW_Cherry_MX_1.00u_PCB","CH196-ND","","https://www.amazon.com/dp/B0FYR5TV3X"
"SW19","1","E","Cherry MX Switch","6502 Parts:SW_Cherry_MX_1.00u_PCB","CH196-ND","","https://www.amazon.com/dp/B0FYR5TV3X"
"SW20","1","R","Cherry MX Switch","6502 Parts:SW_Cherry_MX_1.00u_PCB","CH196-ND","","https://www.amazon.com/dp/B0FYR5TV3X"
"SW21","1","T","Cherry MX Switch","6502 Parts:SW_Cherry_MX_1.00u_PCB","CH196-ND","","https://www.amazon.com/dp/B0FYR5TV3X"
"SW22","1","Y","Cherry MX Switch","6502 Parts:SW_Cherry_MX_1.00u_PCB","CH196-ND","","https://www.amazon.com/dp/B0FYR5TV3X"
"SW23","1","U","Cherry MX Switch","6502 Parts:SW_Cherry_MX_1.00u_PCB","CH196-ND","","https://www.amazon.com/dp/B0FYR5TV3X"
"SW24","1","I","Cherry MX Switch","6502 Parts:SW_Cherry_MX_1.00u_PCB","CH196-ND","","https://www.amazon.com/dp/B0FYR5TV3X"
"SW25","1","O","Cherry MX Switch","6502 Parts:SW_Cherry_MX_1.00u_PCB","CH196-ND","","https://www.amazon.com/dp/B0FYR5TV3X"
"SW26","1","P","Cherry MX Switch","6502 Parts:SW_Cherry_MX_1.00u_PCB","CH196-ND","","https://www.amazon.com/dp/B0FYR5TV3X"
"SW27","1","[","Cherry MX Switch","6502 Parts:SW_Cherry_MX_1.00u_PCB","CH196-ND","","https://www.amazon.com/dp/B0FYR5TV3X"
"SW28","1","]","Cherry MX Switch","6502 Parts:SW_Cherry_MX_1.00u_PCB","CH196-ND","","https://www.amazon.com/dp/B0FYR5TV3X"
"SW29","1","\","Cherry MX Switch","6502 Parts:SW_Cherry_MX_1.50u_PCB","CH196-ND","","https://www.amazon.com/dp/B0FYR5TV3X"
"SW30","1","INSERT","Cherry MX Switch","6502 Parts:SW_Cherry_MX_1.00u_PCB","CH196-ND","","https://www.amazon.com/dp/B0FYR5TV3X"
"SW31","1","CAPS LOCK","Cherry MX Switch","6502 Parts:SW_Cherry_MX_1.75u_PCB","CH196-ND","","https://www.amazon.com/dp/B0FYR5TV3X"
"SW32","1","A","Cherry MX Switch","6502 Parts:SW_Cherry_MX_1.00u_PCB","CH196-ND","","https://www.amazon.com/dp/B0FYR5TV3X"
"SW33","1","S","Cherry MX Switch","6502 Parts:SW_Cherry_MX_1.00u_PCB","CH196-ND","","https://www.amazon.com/dp/B0FYR5TV3X"
"SW34","1","D","Cherry MX Switch","6502 Parts:SW_Cherry_MX_1.00u_PCB","CH196-ND","","https://www.amazon.com/dp/B0FYR5TV3X"
"SW35","1","F","Cherry MX Switch","6502 Parts:SW_Cherry_MX_1.00u_PCB","CH196-ND","","https://www.amazon.com/dp/B0FYR5TV3X"
"SW36","1","G","Cherry MX Switch","6502 Parts:SW_Cherry_MX_1.00u_PCB","CH196-ND","","https://www.amazon.com/dp/B0FYR5TV3X"
"SW37","1","H","Cherry MX Switch","6502 Parts:SW_Cherry_MX_1.00u_PCB","CH196-ND","","https://www.amazon.com/dp/B0FYR5TV3X"
"SW38","1","J","Cherry MX Switch","6502 Parts:SW_Cherry_MX_1.00u_PCB","CH196-ND","","https://www.amazon.com/dp/B0FYR5TV3X"
"SW39","1","K","Cherry MX Switch","6502 Parts:SW_Cherry_MX_1.00u_PCB","CH196-ND","","https://www.amazon.com/dp/B0FYR5TV3X"
"SW40","1","L","Cherry MX Switch","6502 Parts:SW_Cherry_MX_1.00u_PCB","CH196-ND","","https://www.amazon.com/dp/B0FYR5TV3X"
"SW41,SW49","2","SHIFT","Cherry MX Switch","6502 Parts:SW_Cherry_MX_2.25u_PCB","CH196-ND","","https://www.amazon.com/dp/B0FYR5TV3X"
"SW42","1",";","Cherry MX Switch","6502 Parts:SW_Cherry_MX_1.00u_PCB","CH196-ND","","https://www.amazon.com/dp/B0FYR5TV3X"
"SW43","1","'","Cherry MX Switch","6502 Parts:SW_Cherry_MX_1.00u_PCB","CH196-ND","","https://www.amazon.com/dp/B0FYR5TV3X"
"SW44","1","ENTER","Cherry MX Switch","6502 Parts:SW_Cherry_MX_2.25u_PCB","CH196-ND","","https://www.amazon.com/dp/B0FYR5TV3X"
"SW45","1","DELETE","Cherry MX Switch","6502 Parts:SW_Cherry_MX_1.00u_PCB","CH196-ND","","https://www.amazon.com/dp/B0FYR5TV3X"
"SW46","1","Z","Cherry MX Switch","6502 Parts:SW_Cherry_MX_1.00u_PCB","CH196-ND","","https://www.amazon.com/dp/B0FYR5TV3X"
"SW47","1","X","Cherry MX Switch","6502 Parts:SW_Cherry_MX_1.00u_PCB","CH196-ND","","https://www.amazon.com/dp/B0FYR5TV3X"
"SW48","1","C","Cherry MX Switch","6502 Parts:SW_Cherry_MX_1.00u_PCB","CH196-ND","","https://www.amazon.com/dp/B0FYR5TV3X"
"SW50","1","V","Cherry MX Switch","6502 Parts:SW_Cherry_MX_1.00u_PCB","CH196-ND","","https://www.amazon.com/dp/B0FYR5TV3Xhttps://www.amazon.com/dp/B0FYR5TV3X"
"SW51","1","B","Cherry MX Switch","6502 Parts:SW_Cherry_MX_1.00u_PCB","CH196-ND","","https://www.amazon.com/dp/B0FYR5TV3X"
"SW52","1","N","Cherry MX Switch","6502 Parts:SW_Cherry_MX_1.00u_PCB","CH196-ND","","https://www.amazon.com/dp/B0FYR5TV3X"
"SW53","1","M","Cherry MX Switch","6502 Parts:SW_Cherry_MX_1.00u_PCB","CH196-ND","","https://www.amazon.com/dp/B0FYR5TV3X"
"SW54","1",",","Cherry MX Switch","6502 Parts:SW_Cherry_MX_1.00u_PCB","CH196-ND","","https://www.amazon.com/dp/B0FYR5TV3X"
"SW55","1",".","Cherry MX Switch","6502 Parts:SW_Cherry_MX_1.00u_PCB","CH196-ND","","https://www.amazon.com/dp/B0FYR5TV3X"
"SW56","1","/","Cherry MX Switch","6502 Parts:SW_Cherry_MX_1.00u_PCB","CH196-ND","","https://www.amazon.com/dp/B0FYR5TV3X"
"SW57","1","UP ARROW","Cherry MX Switch","6502 Parts:SW_Cherry_MX_1.00u_PCB","CH196-ND","","https://www.amazon.com/dp/B0FYR5TV3X"
"SW58,SW66","2","CTRL","Cherry MX Switch","6502 Parts:SW_Cherry_MX_1.25u_PCB","CH196-ND","","https://www.amazon.com/dp/B0FYR5TV3X"
"SW59,SW67","2","ALT","Cherry MX Switch","6502 Parts:SW_Cherry_MX_1.25u_PCB","CH196-ND","","https://www.amazon.com/dp/B0FYR5TV3X"
"SW60","1","MENU","Cherry MX Switch","6502 Parts:SW_Cherry_MX_1.00u_PCB","CH196-ND","","https://www.amazon.com/dp/B0FYR5TV3X"
"SW61","1","SPACE","Cherry MX Switch","6502 Parts:SW_Cherry_MX_6.25u_PCB","CH196-ND","","https://www.amazon.com/dp/B0FYR5TV3X"
"SW62","1","FN","Cherry MX Switch","6502 Parts:SW_Cherry_MX_1.25u_PCB","CH196-ND","","https://www.amazon.com/dp/B0FYR5TV3X"
"SW63","1","LEFT ARROW","Cherry MX Switch","6502 Parts:SW_Cherry_MX_1.00u_PCB","CH196-ND","","https://www.amazon.com/dp/B0FYR5TV3X"
"SW64","1","DOWN ARROW","Cherry MX Switch","6502 Parts:SW_Cherry_MX_1.00u_PCB","CH196-ND","","https://www.amazon.com/dp/B0FYR5TV3X"
"SW65","1","RIGHT ARROW","Cherry MX Switch","6502 Parts:SW_Cherry_MX_1.00u_PCB","CH196-ND","","https://www.amazon.com/dp/B0FYR5TV3X"
"SW68","1","POWER","SPDT Switch","6502 Parts:SW_400MSP1R6BLKM6QE","EG4326-ND","612-400MSP1R6BLKM6QE",""
"SW69","1","IO ENABLE","8x DIP Switch SPST","Button_Switch_THT:SW_DIP_SPSTx08_Slide_9.78x22.5mm_W7.62mm_P2.54mm","","","https://www.amazon.com/Yohii-2-54mm-Positions-Double-Assorted/dp/B07DSBX4BK/"
"SW70","1","RESET","Tact Push Button Switch 5.00mm","Button_Switch_THT:SW_PUSH_6mm","","","https://www.amazon.com/QTEATAK-Momentary-Tactile-Button-Switch/dp/B07VSNN9S2"
"U1","1","65C02","","Package_DIP:DIP-40_W15.24mm_Socket_LongPads","","955-W65C02S6TPG-14",""
"U2","1","65C22","","Package_DIP:DIP-40_W15.24mm_Socket_LongPads","","955-W65C22N6TPG-14",""
"U3","1","Pico9918A","","Package_DIP:DIP-40_W15.24mm_Socket_LongPads","","","https://www.tindie.com/products/visrealm/pico9918-pro/"
"U4","1","65C51","","Package_DIP:DIP-28_W15.24mm_Socket_LongPads","","","https://www.jameco.com/z/R6551AP-Rockwell-IC-6551-Asynchronous-Communication-Interface-Adapter-DIP-28-pin_43318.html?CID=GOOG&utm_source=google&utm_medium=ppc&utm_campaign=&utm_term=&utm_content=&gad_source=4&gad_campaignid=17336645193&gbraid=0AAAAADoyMrfPykBRZHoLXLdz-O5yEtKaY&gclid=CjwKCAjw8arQBhB9EiwAfIKdQmvZnC1nx-RFZj4kRF0D1Wvrek1TTdUge2eacHqJPe6JeM53aHADyxoCYnEQAvD_BwE"
"U5","1","74HC163","","Package_DIP:DIP-16_W7.62mm_Socket_LongPads","296-8246-5-ND","595-SN74HC163N",""
"U6","1","ATmega1284-P","","Package_DIP:DIP-40_W15.24mm_Socket_LongPads","ATMEGA1284-PU-ND","556-ATMEGA1284-PU",""
"U7","1","AS6C62256","","Package_DIP:DIP-28_W15.24mm_Socket_LongPads","1450-1033-ND","913-AS6C62256-55PCN",""
"U8","1","AT28C256","","Socket:DIP_Socket-28_W11.9mm_W12.7mm_W15.24mm_W17.78mm_W18.5mm_3M_228-1277-00-0602J","AT28C256-15PU-ND","556-AT28C25615PU",""
"U9","1","6581","","Package_DIP:DIP-28_W15.24mm_Socket_LongPads","","","https://retrocomp.cz/produkt?id=2"
"U10","1","MAX238xNG+","","Package_DIP:DIP-24_W7.62mm_Socket_LongPads","MAX238CNG+-ND","700-MAX238CNG",""
"U11,U12,U13,U14,U16","5","74HC00","","Package_DIP:DIP-14_W7.62mm_Socket_LongPads","296-1563-5-ND","595-SN74HC00N",""
"U15","1","AS6C4008","","Package_DIP:DIP-32_W15.24mm_Socket_LongPads","1450-1027-ND","913-AS6C4008-55PCN",""
"U17","1","74HC30","","Package_DIP:DIP-14_W7.62mm_Socket_LongPads","296-9196-5-ND","595-CD74HC30E",""
"U18","1","DS1511Y","","Package_DIP:DIP-28_W15.24mm_Socket_LongPads","DS1511Y+-ND","700-DS1511Y",""
"U19,U20","2","74HC138","","Package_DIP:DIP-16_W7.62mm_Socket_LongPads","296-1575-5-ND","595-SN74HC138N",""
"U21,U22","2","74HC573","","Package_DIP:DIP-20_W7.62mm_Socket_LongPads","296-12815-5-ND","595-CD74HC573EE4",""
"X1","1","16MHz","DIP-14 Full Can Oscillator","Oscillator:Oscillator_DIP-14","X947-ND","815-ACO-16-EK",""
"Y1","1","1.8432 Mhz","","Crystal:Crystal_HC49-U_Vertical","3155-1.8432M20P2/49U-ND","815-AB-1.8432-B2",""
